pair,dMSE,DM_MSE_p,DM_MAE_p,Wilcoxon_p,series_t_p,TOST_p,TOST_equivalent,delta,MSE_lag1_correlation,MSE_LjungBox3_p,MSE_HAC1_p,TOST_HAC1_p,MSE_HAC3_p,TOST_HAC3_p,MSE_HAC6_p,TOST_HAC6_p,MSE_seed_diffs,MSE_seed_direction_agrees,MAE_lag1_correlation,MAE_LjungBox3_p,MAE_HAC1_p,MAE_HAC3_p,MAE_HAC6_p,MAE_seed_diffs,MAE_seed_direction_agrees,DM_MSE_p_Holm27,DM_MAE_p_Holm27,Wilcoxon_p_Holm27,series_t_p_Holm27,TOST_p_Holm27,MSE_HAC1_p_Holm27,MSE_HAC3_p_Holm27,MSE_HAC6_p_Holm27,MAE_HAC1_p_Holm27,MAE_HAC3_p_Holm27,MAE_HAC6_p_Holm27,TOST_HAC1_p_Holm27,TOST_HAC3_p_Holm27,TOST_HAC6_p_Holm27,DM_MSE_p_Holm108,DM_MAE_p_Holm108,Wilcoxon_p_Holm108,series_t_p_Holm108
S4ND-4D vs S4 flat,-0.01106274127960205,3.4627764685928825e-14,0.0016875220431234197,0.0,1.7987556704465977e-47,0.9999999999846345,False,0.0031025923788547518,0.9591768128313911,1.0511312750058734e-05,1.0604428463210434e-11,0.9999999970709721,1.0810156228918575e-09,0.9999998308228437,1.245786545553552e-08,0.9999986764034281,"[0.022982826456427574, -0.04876158758997917, -0.007409464102238417]",False,0.7790465032258999,2.0574204156057358e-05,0.012173421817562419,0.04282070526155139,0.052349511599238084,"[0.014167924411594868, -0.021755415946245193, 0.0026404266245663166]",False,1.0388329405778648e-13,0.008437610215617099,0.0,1.2591289693126184e-46,1.0,3.1813285389631305e-11,3.2430468686755724e-09,3.737359636660656e-08,0.060867109087812094,0.21410352630775698,0.2617475579961904,1.0,1.0,1.0,5.8867199966079e-13,0.011812654301863937,0.0,1.1152285156768906e-45
S4 flat vs Transformer,-0.7153252959251404,9.541238794931356e-55,3.369175135420275e-39,0.0,9.20809014537398e-76,1.0,False,0.038868856430053715,0.7113084433174472,0.00015029678171059378,4.595626145400918e-52,1.0,5.496145670384485e-50,1.0,1.4017205073523587e-49,1.0,"[-0.7243719100952148, -0.5080429315567017, -0.9135615229606628]",True,0.25239054464628496,0.2772955849583723,4.141145460081724e-38,1.1638062199939164e-36,9.142642059979412e-36,"[-0.10786610841751099, -0.08462018519639969, -0.11554838716983795]",True,2.5761344746314662e-53,8.759855352092715e-38,0.0,9.20809014537398e-75,1.0,1.240819059258248e-50,1.483959331003811e-48,3.7846453698513684e-48,1.0766978196212482e-36,3.142276793983574e-35,2.468513356194441e-34,1.0,1.0,1.0,6.010980440806755e-53,1.8530463244811515e-37,0.0,6.077339495946827e-74
S4 flat vs GRU FA-2D,-0.7736793160438538,1.1179515072689996e-40,1.0766252651998493e-41,0.0,6.882879380106568e-80,1.0,False,0.041786557435989385,0.9785018185226518,1.601227715346028e-10,1.5815084978615996e-37,1.0,1.3671653668361725e-34,1.0,1.0495668110358853e-32,1.0,"[-0.7477010488510132, -0.709201455116272, -0.8641352653503418]",True,0.7463277204752774,1.1321993156635135e-05,3.38821559074068e-39,1.2121475190637568e-36,5.039197415191763e-35,"[-0.21712833642959595, -0.19371092319488525, -0.23095133900642395]",True,2.794878768172499e-39,2.906888216039593e-40,0.0,8.947743194138539e-79,1.0,3.953771244653999e-36,3.4179134170904315e-33,2.6239170275897133e-31,9.148182094999837e-38,3.151583549565768e-35,1.3101913279498584e-33,1.0,1.0,1.0,6.484118742160198e-39,6.35208906467911e-40,0.0,4.749186772273532e-78
FA authors vs ASA 2-D,0.1637505292892456,2.1021546497068542e-24,1.0661019697491632e-34,0.0,3.083252770437153e-306,1.0,False,0.033599030971527104,0.9910418298008635,1.0547193176836317e-10,2.7749905186500115e-21,1.0,2.096359026639395e-18,0.9999999999999998,1.5381696429784224e-16,0.9999999999999889,"[0.09891689568758011, 0.13478513062000275, 0.2575492560863495]",True,0.8930935921426182,2.8139816649042506e-08,8.330671646790179e-32,4.88559400720795e-29,3.59258856801935e-27,"[0.10111358761787415, 0.10451905429363251, 0.1409676969051361]",True,3.363447439530967e-23,2.345424333448159e-33,0.0,7.708131926092883e-305,1.0,4.1624857779750175e-20,3.1445385399590925e-17,2.3072544644676334e-15,1.7494410458259377e-30,9.7711880144159e-28,7.1851771360387e-26,1.0,1.0,1.0,7.988187668886046e-23,5.330509848745816e-33,0.0,2.528267271758466e-304
identity vs blind (Tr 2D),0.040905535221099854,2.3452936729061022e-18,0.012486075264905847,0.07549979763259977,1.2273323131615429e-93,0.9912956048085367,False,0.03679036498069763,0.980418905614697,7.854031333079518e-12,2.7952451028882343e-15,0.9618315712869991,1.7406859358456198e-12,0.9078175937288411,1.1137448910747598e-10,0.8612416870183319,"[0.019390830770134926, 0.25208815932273865, -0.14876191318035126]",False,0.385454455898239,0.0038884017372472395,0.030582374320496507,0.08004186824815782,0.1160988540754,"[-0.0016187458531931043, 0.019718533381819725, -0.012939013540744781]",False,1.6417055710342714e-17,0.049944301059623386,0.15099959526519954,1.8409984697423143e-92,1.0,1.6771470617329407e-14,1.0444115615073718e-11,6.682469346448558e-10,0.12232949728198603,0.32016747299263126,0.3719558094946902,1.0,1.0,1.0,5.394175447684035e-17,0.07491645158943508,0.37749898816299887,8.714059423446955e-92
fa_local vs FA authors (GRU 2D),-0.18997818231582642,9.427182077896444e-26,9.37541330665739e-36,0.0,1.3634452966088519e-281,1.0,False,0.041786557435989385,0.9907994858286021,1.0274561601022144e-10,1.2554042684583264e-22,1.0,9.974040893216582e-20,1.0,7.8571179374024e-18,0.9999999999999991,"[-0.12123961746692657, -0.16351477801799774, -0.2851800322532654]",True,0.837778559207472,4.4791676607605225e-07,4.89308220270925e-33,2.3033099368256818e-30,1.6505421658504198e-28,"[-0.11520030349493027, -0.11983025074005127, -0.1501496285200119]",True,1.6026209532423953e-24,2.2500991935977737e-34,0.0,3.1359241822003596e-280,1.0,2.134187256379155e-21,1.595846542914653e-18,1.257138869984384e-16,1.17433972865022e-31,5.527943848381636e-29,3.6311927648709234e-27,1.0,1.0,1.0,3.770872831158577e-24,4.968969052528417e-34,0.0,1.0907562372870815e-279
fa_sm vs FA authors (GRU 2D),-0.13915669918060303,2.931341124532876e-23,1.6422542104575482e-36,0.0,0.0,1.0,False,0.041786557435989385,0.9906870166241576,1.170268927641776e-10,3.690862790092525e-20,0.9999999999999999,2.6790231347468053e-17,0.9999999999999694,1.9281024697808665e-15,0.9999999999982061,"[-0.058469489216804504, -0.10436125099658966, -0.2546391189098358]",True,0.721037968876587,2.8475073267465914e-05,3.972290004340794e-34,1.3082593919521073e-31,6.2717999850289356e-30,"[-0.1024966910481453, -0.10678642243146896, -0.1335769146680832]",True,4.103877574346026e-22,4.1056355261438705e-35,0.0,0.0,1.0,5.167207906129535e-19,3.7506323886455274e-16,2.3137229637370398e-14,9.930725010851985e-33,3.270648479880268e-30,1.5052319964069444e-28,1.0,1.0,1.0,1.0552828048318353e-21,8.86817273647076e-35,0.0,0.0
fa_local vs fa_sm (GRU 2D),-0.05082148313522339,4.216338004215334e-40,1.4451100003447882e-25,0.0,1.9152685663917793e-141,1.0,False,0.03482872247695923,0.8756192436214706,9.871237961333137e-09,3.8190520647638124e-37,1.0,2.354941140853282e-34,1.0,1.5266003619334044e-32,1.0,"[-0.06277015060186386, -0.059153515845537186, -0.03054087981581688]",True,0.5240414092603415,0.007549261893050481,1.4556262877913476e-23,1.097853264978913e-21,1.7770285735239674e-20,"[-0.012703580781817436, -0.013043821789324284, -0.0165727362036705]",True,1.0119211210116803e-38,2.6011980006206187e-24,0.0,3.6390102761443805e-140,1.0,9.16572495543315e-36,5.651858738047877e-33,3.663840868640171e-31,2.620127318024426e-22,1.9761358769620434e-20,3.1986514323431414e-19,1.0,1.0,1.0,2.3611492823605873e-38,5.635929001344674e-24,0.0,1.4556041104577522e-139
fa_local vs ASA (GRU 2D),-0.02622765302658081,2.2484089156660938e-43,7.633392015905998e-33,0.0,8.072331807618472e-169,5.2009042918850295e-31,True,0.033599030971527104,0.6585881100787416,0.0017205271095130268,3.2837219966982447e-41,7.47573821688359e-29,4.3678272872747206e-39,9.708390328439288e-27,1.3053268389589047e-37,2.833340053782614e-25,"[-0.02232276275753975, -0.028729664161801338, -0.027630791068077087]",True,0.3916201299302256,0.21412868326447973,2.859108356716845e-31,3.991539886486222e-30,1.6610303968662082e-30,"[-0.014086712151765823, -0.015311197377741337, -0.00918192695826292]",True,5.845863180731844e-42,1.5266784031811996e-31,0.0,1.6144663615236944e-167,1.1962079871335567e-29,8.537677191415437e-40,1.1356350946914274e-37,3.393849781293152e-36,5.71821671343369e-30,9.18054173891831e-29,4.152575992165521e-29,1.7194197898832258e-27,2.232929775541036e-25,6.516682123700013e-24,1.3490453493996563e-41,3.5113603273167593e-31,0.0,6.215695491866224e-167
fa_sm vs ASA (GRU 2D),0.024593830108642578,4.075197952916748e-34,0.0009086955491400505,0.1581608513709578,8.075077514975437e-115,1.9937621716485166e-24,True,0.033599030971527104,0.7218821304617651,1.3319490925534857e-05,1.7288194807089172e-31,7.876721955066294e-22,4.5782018614066977e-29,1.872708764352689e-19,8.454294531756854e-28,3.1915324126471673e-18,"[0.04044739156961441, 0.030423864722251892, 0.002910098060965538]",True,0.5357154228732981,0.005039497063129737,0.005183878046111575,0.018681366808275437,0.028860352683276864,"[-0.0013831278774887323, -0.0022673725616186857, 0.007390809711068869]",False,8.965435496416845e-33,0.0054521732948403035,0.1581608513709578,1.29201240239607e-113,4.186900560461885e-23,3.803402857559618e-30,1.0072044095094736e-27,1.8599447969865077e-26,0.031103268276669448,0.11208820084965262,0.1731621160996612,1.6541116105639216e-20,3.932688405140647e-18,6.702218066559051e-17,1.9560950174000393e-32,0.007269564393120404,0.41014552975082413,5.894806585932069e-113
fa_local vs ASA (Tr 2D),-0.057393431663513184,1.1986196166206497e-21,1.5875693004575783e-21,0.0,1.5191583459515857e-137,0.99999999999706,False,0.03679036498069763,0.9835258829989799,6.143412732936154e-10,1.3762941890108512e-18,0.9999999987015101,7.860504822250451e-16,0.9999998134845403,3.489148059842299e-14,0.9999973349454739,"[-0.033193740993738174, 0.06452429294586182, -0.20351070165634155]",False,0.6678588023290853,0.0006953151796242875,4.848930176059586e-19,3.727313797103589e-17,5.651105500194243e-17,"[-0.020014967769384384, -0.00519610196352005, -0.03009728528559208]",True,1.4383435399447798e-20,2.5401108807321253e-20,0.0,2.734485022712854e-136,1.0,1.5139236079119363e-17,7.860504822250451e-15,3.4891480598422993e-13,8.243181299301295e-18,5.963702075365743e-16,9.04176880031079e-16,1.0,1.0,1.0,4.0753066965102094e-20,5.0802217614642506e-20,0.0,1.1393687594636893e-135
fa_sm vs ASA (Tr 2D),-0.012242138385772705,2.511363518361469e-18,1.6562002014634946e-06,0.0,5.801826335048328e-130,1.8828496600086874e-25,True,0.03679036498069763,0.9401781437518364,6.649440128971614e-07,1.599864330409367e-15,1.4985430600756913e-22,3.4553650017157036e-13,4.4372832367278984e-20,3.4414855051014756e-12,5.348755937480294e-19,"[-0.010288874618709087, 0.1081501692533493, -0.13458764553070068]",False,0.8225037423521079,2.174610407803614e-05,8.682875010760169e-05,0.0007952853141940969,0.00034275980747504374,"[-0.008246736600995064, 0.016020935028791428, -0.024377385154366493]",False,1.6417055710342714e-17,1.1593401410244463e-05,0.0,9.863104769582159e-129,4.142269252019112e-24,1.119905031286557e-14,2.6353355107650733e-12,2.7531884040811805e-11,0.0006078012507532119,0.005566997199358679,0.0023993186523253063,3.296794732166521e-21,9.762023120801376e-19,1.1767263062456646e-17,5.524999740395232e-17,1.6562002014634948e-05,0.0,4.293351487935763e-128
fa_local vs fa_sm (Tr 2D),-0.04515129327774048,4.5993568381820713e-17,5.338815285867314e-16,0.0,4.917098650632108e-93,0.9999024432086809,False,0.036178258061409,0.9892190163546369,1.9768758043160165e-09,3.8801961018001266e-14,0.9982029631075822,1.3575775850914517e-11,0.9886836875465816,3.855318581667912e-10,0.9745699173312966,"[-0.022904859855771065, -0.04362586513161659, -0.06892304122447968]",True,0.8440944482341276,6.974950455724833e-06,2.9427385391907417e-13,2.95541471480347e-11,8.155602000319207e-11,"[-0.011768226511776447, -0.021217042580246925, -0.005719895940274]",True,1.8397427352728285e-16,5.872696814454045e-15,0.0,6.883938110884952e-92,1.0,1.5520784407200506e-13,6.606155865357763e-11,1.927659290833956e-09,3.237012393109816e-12,3.250956186283817e-10,8.971162200351128e-10,1.0,1.0,1.0,8.738777992545935e-16,9.609867514561165e-15,0.0,3.441969055442476e-91
fa_local vs ASA (gru 3D),0.00235062837600708,2.6147183629560157e-19,8.491152954778784e-19,0.0,7.451050673042286e-21,1.835333958358078e-45,True,0.03405773639678955,0.48698964946291734,0.07900778913961709,2.1165656838378987e-17,1.7252939489400506e-43,2.1278623974494812e-16,1.928017198714083e-42,5.447747856529385e-16,5.1885219098170896e-42,"[0.008197607472538948, 0.018970681354403496, -0.020116522908210754]",False,0.7060558585426068,0.000587512953834866,2.8744512501209467e-16,1.7115324305054888e-14,1.3754692969035852e-14,"[-0.007571428548544645, -0.004621489904820919, -0.011923207901418209]",True,2.353246526660414e-18,1.103849884121242e-17,0.0,2.2353152019126856e-20,4.95540168756681e-44,1.9049091154541088e-16,2.3406486371944293e-15,7.0820722134882e-15,3.7367866251572306e-15,2.2249921596571356e-13,1.925657015665019e-13,4.658293662138137e-42,5.205646436528024e-41,1.4009009156506141e-40,6.798267743685641e-18,2.0378767091469082e-17,0.0,2.08629418845184e-19
fa_local vs ASA (gru 4D),0.006252288818359375,1.9965442158379957e-21,1.9652656394757025e-07,0.0,1.429554648995287e-66,1.404086035755095e-36,True,0.03414307832717896,0.7356604374280298,0.00011409970736845383,7.844325709988357e-19,6.3161835283281795e-34,9.360953490566916e-17,8.974295747432016e-32,3.0995010259248666e-16,3.1452108582782003e-31,"[0.015552191063761711, 0.0043416558764874935, -0.001137419487349689]",False,0.6291925361278602,0.00806561972135576,6.670666568208184e-06,5.690743237325275e-05,4.737758747026715e-05,"[-0.007261392194777727, 0.0031151471193879843, -0.0044427476823329926]",False,2.1961986374217952e-20,1.572212511580562e-06,0.0,1.1436437191962295e-65,3.369806485812228e-35,9.413190851986028e-18,1.216923953773699e-15,4.339301436294813e-15,5.336533254566547e-05,0.000455259458986022,0.0003790206997621372,1.515884046798763e-32,2.153830979383684e-30,7.548506059867681e-30,6.189287069097787e-20,2.161792203423273e-06,0.0,9.149149753569836e-65
fa_local vs ASA (lstm 3D),-0.08453184366226196,3.4982184189144745e-19,1.0923290014133217e-20,0.0,1.2745936778255214e-43,0.9999999999991837,False,0.042948505282402044,0.993324624108332,3.5321236763369155e-12,4.606126735641434e-16,0.9999999995020673,3.2941693884563416e-13,0.9999998891296332,2.3857211726912304e-11,0.9999972971815654,"[-0.31788742542266846, 0.031431104987859726, 0.03286076337099075]",False,0.9385749525595922,8.885570278699484e-10,1.2106751203641976e-17,6.213422471124238e-15,2.965038404931437e-13,"[0.0832379162311554, -0.0007938608177937567, 0.0035411680582910776]",False,2.7985747351315796e-18,1.5292606019786505e-19,0.0,7.64756206695313e-43,1.0,3.684901388513147e-15,2.6353355107650733e-12,1.6700048208838613e-10,1.6949451685098766e-16,8.698791459573934e-14,3.854549926410868e-12,1.0,1.0,1.0,8.745546047286186e-18,2.949288303815969e-19,0.0,7.775021434735681e-42
fa_local vs ASA (lstm 4D),-0.10233283042907715,6.859263232907583e-34,5.204383550586866e-13,0.0,1.1379566487272877e-40,1.0,False,0.04282689094543457,0.9216742075028717,7.2905220912876495e-09,6.478514607718055e-31,1.0,4.042248191579595e-28,1.0,2.890107610333614e-26,1.0,"[0.025528479367494583, -0.37643957138061523, 0.04391220957040787]",False,0.9423023879129285,4.484533849309823e-10,2.588788048648109e-10,5.208420890144852e-08,1.234488337840051e-06,"[0.008032012730836868, 0.055109549313783646, 0.0007506880792789161]",True,1.4404452789105925e-32,5.204383550586865e-12,0.0,5.689783243636438e-40,1.0,1.3604880676207916e-29,8.488721202317149e-27,6.069225981700589e-25,2.329909243783298e-09,4.6875788011303666e-07,1.1110395040560458e-05,1.0,1.0,1.0,3.223853719466564e-32,8.327013680938985e-12,0.0,6.48635289774554e-39
fa_local vs ASA (transformer 3D),0.030304670333862305,3.229758147091387e-17,2.5411181698786503e-12,0.0,1.5134129477161148e-70,0.00027860396509678416,True,0.03566722869873047,0.9837995311948735,2.0432786008106376e-10,3.0583987499640405e-14,0.003856044630204934,1.3212311730715527e-11,0.019928495886507528,5.259247846696658e-10,0.042107542549299375,"[0.08907263725996017, -0.09879734367132187, 0.10063903033733368]",False,0.49861448595394836,0.0006365736574480095,1.4029251690963415e-10,1.2272692752845366e-08,1.4280760690388897e-07,"[-0.007147914730012417, -0.019105607643723488, 0.007247902452945709]",False,1.6148790735456937e-16,2.287006352890785e-11,0.0,1.3620716529445033e-69,0.005572079301935684,1.5291993749820204e-13,6.606155865357763e-11,2.1036991386786633e-09,1.4029251690963416e-09,1.2272692752845365e-07,1.4280760690388897e-06,0.07712089260409868,0.39856991773015055,0.8421508509859875,6.459516294182775e-16,3.557565437830111e-11,0.0,9.837184160154747e-69
fa_local vs ASA (transformer 4D),-0.24389249086380005,6.747441436350753e-29,4.568548308459511e-31,0.0,6.758578658109895e-182,1.0,False,0.04668536186218262,0.9842166266451683,1.9952108090683586e-10,9.647000885610774e-26,1.0,7.408135993194308e-23,1.0,4.233415723787089e-21,1.0,"[-0.3645094931125641, -0.28217726945877075, -0.084990493953228]",True,0.858063205674308,4.720264972755637e-07,2.846430378704793e-28,1.1390373775086174e-25,7.655902630928018e-24,"[-0.07767168432474136, -0.062382567673921585, -0.04432423412799835]",True,1.3494882872701505e-27,8.68024178607307e-30,0.0,1.419301518203078e-180,1.0,1.929400177122155e-24,1.4075458387069185e-21,7.62014830281676e-20,5.408217719539107e-27,2.164171017266373e-24,1.4546214998763235e-22,1.0,1.0,1.0,2.9013998176308236e-27,2.0101612557221848e-29,0.0,5.271691353325718e-180
fa vs ASA (gru 3D),0.13223451375961304,9.439067347190206e-35,3.501997068368765e-35,0.0,0.0,1.0,False,0.03405773639678955,0.8477194557800383,0.00037728540756069916,3.836289885988312e-32,1.0,3.832141791229553e-30,1.0,7.742441282386978e-30,1.0,"[0.06839536130428314, 0.1210797056555748, 0.20722872018814087]",True,0.7984805425715101,1.1031156012655365e-05,1.6645154477220425e-32,4.4243667662038374e-30,8.497198150390421e-29,"[0.10594701766967773, 0.09645318239927292, 0.12725596129894257]",True,2.1709854898537473e-33,8.054593257248159e-34,0.0,0.0,1.0,8.823466737773118e-31,8.813926119827972e-29,1.780761494949005e-28,3.8283855297606975e-31,9.733606885648442e-29,1.9543555745897968e-27,1.0,1.0,1.0,4.813924347067005e-33,1.821038475551758e-33,0.0,0.0
fa vs ASA (gru 4D),0.1418582797050476,2.49353457147907e-28,1.0932639769172333e-34,0.0,1.97112561300759e-283,1.0,False,0.03414307832717896,0.9493743064621187,6.695415773433946e-11,3.8274226699198845e-25,1.0,3.16106114428081e-22,1.0,2.3075451416017464e-20,1.0,"[0.20633332431316376, 0.12168926745653152, 0.09755174815654755]",True,0.7648129917932028,1.7652378030238104e-05,5.142984554740512e-32,1.2219254324474909e-29,3.2851704120904307e-28,"[0.009380416944622993, 0.1348358541727066, 0.11030049622058868]",True,4.737715685810233e-27,2.345424333448159e-33,0.0,4.7307014712182165e-282,1.0,7.27210307284778e-24,5.689910059705458e-21,3.922826740722969e-19,1.1314566020429126e-30,2.566043408139731e-28,6.898857865389904e-27,1.0,1.0,1.0,1.0472845200212095e-26,5.3569934868944435e-33,0.0,1.596611746536148e-281
fa vs ASA (lstm 3D),0.0111769437789917,3.563134361793757e-26,0.13671517658360804,4.110812489798775e-94,2.7514463860574262e-76,7.007228481898726e-37,True,0.042948505282402044,0.3703422147193195,0.33321642479819874,1.0960691822794569e-24,2.2083628345622363e-35,5.693855758101528e-24,1.1639609394934966e-34,9.436946139359175e-24,1.938584458058795e-34,"[0.017678864300251007, 0.0015418055700138211, 0.0143102016299963]",True,0.3717593422326011,0.28668866808866716,0.1995611129231097,0.2404907167806187,0.2542418246057842,"[0.0027349211741238832, -0.0011469641467556357, 0.0009186464594677091]",False,6.413641851228762e-25,0.29319964826416917,1.2332437469396325e-93,3.3017356632689114e-75,1.7518071204746815e-35,1.9729245281030223e-23,1.1387711516203056e-22,1.887389227871835e-22,0.41135572966345885,0.4809814335612374,0.5084836492115684,5.520907086405591e-34,3.026298442683091e-33,4.8464611451469875e-33,1.4608850883354402e-24,0.41014552975082413,2.9597849926551182e-92,1.8709835425190498e-74
fa vs ASA (lstm 4D),0.008626401424407959,2.8300024198330675e-24,2.447561663689234e-21,0.0,2.3245635786094668e-31,2.7490765723837993e-38,True,0.04282689094543457,0.7325307975245539,0.002098890346106213,9.101505976249107e-22,9.49668517094067e-36,2.496320898439016e-20,2.7679843981747095e-34,1.0323076144069303e-21,1.0792873504494677e-35,"[-0.013470809906721115, 0.026168707758188248, 0.01318092830479145]",False,0.6350426958883538,0.004485819414790596,5.687045082833669e-19,1.32738725246091e-17,2.854667701413084e-19,"[-0.030810419470071793, -0.01909775100648403, 0.0009501844178885221]",False,4.245003629749601e-23,3.6713424955338514e-20,0.0,9.298254314437867e-31,7.1475990881978784e-37,1.4562409561998572e-20,4.243745527346327e-19,1.9613844673731677e-20,9.005021275008056e-18,2.256558329183547e-16,4.852935092402243e-18,2.469138144444574e-34,6.919960995436774e-33,2.806147111168616e-34,1.047100895338235e-22,7.097928824698778e-20,0.0,1.04605361037426e-29
fa vs ASA (transformer 3D),0.04905235767364502,2.2556144368076584e-21,5.588206359631039e-18,0.0,5.2411294819098933e-76,0.9999999989494354,False,0.03566722869873047,0.9920693502864368,4.759006518430805e-11,2.8326462759093483e-18,0.9999997492866187,1.99683323267524e-15,0.9999823505976164,1.4603546446881555e-13,0.9998209491813387,"[0.14142002165317535, -0.05095667392015457, 0.05669360235333443]",False,0.5243661739507046,0.00013246701387594544,5.28561356793082e-16,1.2923818071381323e-13,3.237886959081059e-12,"[-0.000796862062998116, -0.011347556486725807, -0.005138928070664406]",True,2.2556144368076584e-20,6.705847631557246e-17,0.0,5.765242430100882e-75,1.0,2.832646275909348e-17,1.797149909407716e-14,1.31431918021934e-12,6.342736281516984e-15,1.550858168565759e-12,3.885464350897271e-11,1.0,1.0,1.0,6.766843310422975e-20,1.1735233355225182e-16,0.0,3.5115567528796286e-74
fa vs ASA (transformer 4D),-0.14599734544754028,1.1444885461512664e-22,1.37494883734379e-21,0.0,2.061135524522588e-208,1.0,False,0.04668536186218262,0.9860361332516603,1.2841537837284746e-10,1.5213863233159632e-19,0.9999999999999996,1.025687802267298e-16,0.9999999999997998,5.675705663037685e-15,0.9999999999912724,"[-0.2985877990722656, -0.1696585714817047, 0.030254174023866653]",False,0.7573417360942717,1.1491936847540263e-05,5.628138296880035e-19,1.2518539296095567e-16,2.0783204064459786e-15,"[-0.04782804846763611, -0.05151635408401489, -0.02903067134320736]",True,1.4878351099966463e-21,2.337413023484443e-20,0.0,4.5344981539496935e-207,1.0,1.9778022203107523e-18,1.2308253627207576e-15,6.243276229341453e-14,9.005021275008056e-18,1.8777808944143352e-15,3.117480609668968e-14,1.0,1.0,1.0,4.005709911529432e-21,4.537331163234507e-20,0.0,1.6282970643728445e-206
S4 flat vs persistence,0.0071602463722229,1.1742166824117245e-09,0.5293181845651411,0.0,2.0888838857717233e-12,0.9999981016007718,False,0.002744580060243607,0.6785266383361567,0.024842235696213237,6.360376652742728e-08,0.9999636146424208,2.411071310856197e-07,0.999908059559914,3.7902317501826737e-07,0.9998749442639722,"[-0.01622956618666649, 0.034748781472444534, 0.0029615210369229317]",False,0.45481120726522384,0.09227161471945022,0.5966285344791635,0.5990269095130807,0.5756214729109497,"[-0.014328498393297195, 0.01204993762075901, 0.0036015447694808245]",False,2.348433364823449e-09,0.5293181845651411,0.0,4.177767771543447e-12,1.0,1.2720753305485455e-07,4.2324225861567787e-07,3.7902317501826737e-07,0.5966285344791635,0.5990269095130807,0.5756214729109497,1.0,1.0,1.0,1.5264816871352417e-08,0.5293181845651411,0.0,3.133325828657585e-11
S4ND-4D vs persistence,-0.0039024949073791504,2.2459599338719084e-08,0.0977332160880564,0.0,9.887333813922946e-06,0.9891804399232541,False,0.002744580060243607,0.3596610961953224,0.1841165038312242,2.8129908254823346e-07,0.9775051211945704,2.1162112930783894e-07,0.9791849058235376,8.469688523655552e-08,0.9839149160429905,"[0.006753268651664257, -0.014012808911502361, -0.004447943065315485]",False,0.2602957777235571,0.40850520649240973,0.13711857655448628,0.13132796981674477,0.09298895237367255,"[-0.00016057584434747696, -0.009705482050776482, 0.006241971626877785]",False,2.2459599338719084e-08,0.29319964826416917,0.0,9.887333813922946e-06,1.0,2.8129908254823346e-07,4.2324225861567787e-07,1.6939377047311105e-07,0.41135572966345885,0.3939839094502343,0.3719558094946902,1.0,1.0,1.0,2.69515192064629e-07,0.3909328643522256,0.0,8.898600432530652e-05
