model,variant,enc,params,flops_fwd_total,n_forecasts,flops_per_forecast,peak_mem_GB,status,error
gru,onehot,onehot,575106,26311917568,2048,12847616.0,0.863,ok,
gru,embeddings,embeddings,531856,2492465152,2048,1217024.0,0.863,ok,
lstm,onehot,onehot,707202,26311917568,2048,12847616.0,1.077,ok,
lstm,embeddings,embeddings,663952,2492465152,2048,1217024.0,1.076,ok,
transformer,onehot,onehot,980034,26344947712,2048,12863744.0,0.799,ok,
transformer,embeddings,embeddings,936784,2525495296,2048,1233152.0,0.428,ok,
s4,onehot,onehot,444034,47531065344,2048,23208528.0,0.495,ok,
s4,embeddings,embeddings,400784,23711612928,2048,11577936.0,0.468,ok,
mamba2,onehot,onehot,651490,95543099392,2048,46651904.0,1.649,ok,
mamba2,embeddings,embeddings,608240,71723646976,2048,35021312.0,1.380,ok,
mamba3,onehot,onehot,663746,96977551360,2048,47352320.0,1.097,ok,
mamba3,embeddings,embeddings,620496,73158098944,2048,35721728.0,0.831,ok,
gru,embeddings,aggregate,412771,27660288,24,1152512.0,0.081,ok,
lstm,embeddings,aggregate,544867,27660288,24,1152512.0,0.085,ok,
transformer,embeddings,aggregate,817699,28047360,24,1168640.0,0.044,ok,
s4,embeddings,aggregate,281699,2145947648,24,89414485.33333333,0.055,ok,
mamba2,embeddings,aggregate,489155,838963200,24,34956800.0,0.054,ok,
mamba3,embeddings,aggregate,501411,855773184,24,35657216.0,0.048,ok,
gru,asa_2d,onehot,799746,908095237632,30087,30182312.54801077,18.385,ok,
gru,asa_2d,embeddings,596654,212117939712,30087,7050152.548010768,12.796,ok,
gru,asa_3d,onehot,505346,1227250828800,30087,40790069.75770266,19.768,ok,
gru,asa_3d,embeddings,505350,1227250828800,30087,40790069.75770266,19.769,ok,
gru,asa_4d,onehot,554242,1360606385664,30087,45222401.22524679,19.608,ok,
gru,asa_4d,embeddings,554242,1360606385664,30087,45222401.22524679,19.608,ok,
gru,aca_2d,onehot,799746,772359851520,30087,25670882.82381095,18.385,ok,
gru,aca_2d,embeddings,596654,76382553600,30087,2538722.823810948,12.795,ok,
gru,aca_3d,onehot,505090,29924402688,30087,994595.7618905175,12.402,ok,
gru,aca_3d,embeddings,505094,29924402688,30087,994595.7618905175,12.403,ok,
gru,aca_4d,onehot,553730,73870235136,30087,2455221.030212384,12.242,ok,
gru,aca_4d,embeddings,553730,73870235136,30087,2455221.030212384,12.243,ok,
gru,fa_2d,onehot,1308034,1967990238720,30087,65409985.66556985,18.386,ok,
gru,fa_2d,embeddings,1104942,1272012940800,30087,42277825.66556985,12.797,ok,
gru,fa_3d,onehot,1095682,1777333575168,30087,59073140.39844451,12.405,ok,
gru,fa_3d,embeddings,1095686,1777333575168,30087,59073140.39844451,12.405,ok,
gru,fa_4d,onehot,1226626,1821293637120,30087,60534238.61202513,12.245,ok,
gru,fa_4d,embeddings,1226626,1821293637120,30087,60534238.61202513,12.245,ok,
lstm,asa_2d,onehot,931842,908095237632,30087,30182312.54801077,21.527,ok,
lstm,asa_2d,embeddings,728750,212117939712,30087,7050152.548010768,15.939,ok,
lstm,asa_3d,onehot,637442,1227250828800,30087,40790069.75770266,19.767,ok,
lstm,asa_3d,embeddings,637446,1227250828800,30087,40790069.75770266,19.768,ok,
lstm,asa_4d,onehot,686338,1360606385664,30087,45222401.22524679,19.607,ok,
lstm,asa_4d,embeddings,686338,1360606385664,30087,45222401.22524679,19.608,ok,
lstm,aca_2d,onehot,931842,772359851520,30087,25670882.82381095,21.527,ok,
lstm,aca_2d,embeddings,728750,76382553600,30087,2538722.823810948,15.939,ok,
lstm,aca_3d,onehot,637186,29924402688,30087,994595.7618905175,15.546,ok,
lstm,aca_3d,embeddings,637190,29924402688,30087,994595.7618905175,15.547,ok,
lstm,aca_4d,onehot,685826,73870235136,30087,2455221.030212384,15.386,ok,
lstm,aca_4d,embeddings,685826,73870235136,30087,2455221.030212384,15.386,ok,
lstm,fa_2d,onehot,1440130,1967990238720,30087,65409985.66556985,21.530,ok,
lstm,fa_2d,embeddings,1237038,1272012940800,30087,42277825.66556985,15.941,ok,
lstm,fa_3d,onehot,1227778,1777333575168,30087,59073140.39844451,15.548,ok,
lstm,fa_3d,embeddings,1227782,1777333575168,30087,59073140.39844451,15.549,ok,
lstm,fa_4d,onehot,1358722,1821293637120,30087,60534238.61202513,15.388,ok,
lstm,fa_4d,embeddings,1358722,1821293637120,30087,60534238.61202513,15.389,ok,
transformer,asa_2d,onehot,1204674,908580480768,30087,30198440.54801077,11.356,ok,
transformer,asa_2d,embeddings,1001582,212603182848,30087,7066280.548010768,5.768,ok,
transformer,asa_3d,onehot,910274,1227736071936,30087,40806197.75770266,19.769,ok,
transformer,asa_3d,embeddings,910278,1227736071936,30087,40806197.75770266,19.770,ok,
transformer,asa_4d,onehot,959170,1361091628800,30087,45238529.22524679,19.609,ok,
transformer,asa_4d,embeddings,959170,1361091628800,30087,45238529.22524679,19.609,ok,
transformer,aca_2d,onehot,1204674,772845094656,30087,25687010.82381095,11.326,ok,
transformer,aca_2d,embeddings,1001582,76867796736,30087,2554850.823810948,5.738,ok,
transformer,aca_3d,onehot,910018,30409645824,30087,1010723.7618905175,5.345,ok,
transformer,aca_3d,embeddings,910022,30409645824,30087,1010723.7618905175,5.345,ok,
transformer,aca_4d,onehot,958658,74355478272,30087,2471349.030212384,5.184,ok,
transformer,aca_4d,embeddings,958658,74355478272,30087,2471349.030212384,5.185,ok,
transformer,fa_2d,onehot,1712962,1968475481856,30087,65426113.66556985,15.349,ok,
transformer,fa_2d,embeddings,1509870,1272498183936,30087,42293953.66556985,9.760,ok,
transformer,fa_3d,onehot,1500610,1777818818304,30087,59089268.39844451,9.367,ok,
transformer,fa_3d,embeddings,1500614,1777818818304,30087,59089268.39844451,9.368,ok,
transformer,fa_4d,onehot,1631554,1821778880256,30087,60550366.61202513,9.207,ok,
transformer,fa_4d,embeddings,1631554,1821778880256,30087,60550366.61202513,9.208,ok,
mamba_nd,grid_2d,embeddings,607246,1306941258240,30087,43438736.27280886,8.860,ok,
mamba_nd,grid_3d,embeddings,477798,1281658599936,30087,42598417.91923422,12.802,ok,
mamba_nd,grid_4d,embeddings,477538,1286995530240,30087,42775801.18456476,12.642,ok,
mamba2,asa_2d,onehot,876130,1925164850688,30087,63986600.54801077,13.627,ok,
mamba2,asa_2d,embeddings,673038,1229187552768,30087,40854440.54801077,8.039,ok,
mamba2,asa_3d,onehot,581730,2244320441856,30087,74594357.75770266,19.767,ok,
mamba2,asa_3d,embeddings,581734,2244320441856,30087,74594357.75770266,19.768,ok,
mamba2,asa_4d,onehot,630626,2377675998720,30087,79026689.22524679,19.607,ok,
mamba2,asa_4d,embeddings,630626,2377675998720,30087,79026689.22524679,19.608,ok,
mamba2,aca_2d,onehot,876130,1789429464576,30087,59475170.82381095,13.627,ok,
mamba2,aca_2d,embeddings,673038,1093452166656,30087,36343010.82381095,8.039,ok,
mamba2,aca_3d,onehot,581474,1046994015744,30087,34798883.761890516,7.646,ok,
mamba2,aca_3d,embeddings,581478,1046994015744,30087,34798883.761890516,7.646,ok,
mamba2,aca_4d,onehot,630114,1090939848192,30087,36259509.03021239,7.485,ok,
mamba2,aca_4d,embeddings,630114,1090939848192,30087,36259509.03021239,7.486,ok,
mamba2,fa_2d,onehot,1384418,2985059851776,30087,99214273.66556984,15.347,ok,
mamba2,fa_2d,embeddings,1181326,2289082553856,30087,76082113.66556984,9.758,ok,
mamba2,fa_3d,onehot,1172066,2794403188224,30087,92877428.3984445,9.365,ok,
mamba2,fa_3d,embeddings,1172070,2794403188224,30087,92877428.3984445,9.366,ok,
mamba2,fa_4d,onehot,1303010,2838363250176,30087,94338526.61202513,9.205,ok,
mamba2,fa_4d,embeddings,1303010,2838363250176,30087,94338526.61202513,9.206,ok,
mamba3,asa_2d,onehot,888386,1946238266880,30087,64687016.54801077,11.421,ok,
mamba3,asa_2d,embeddings,685294,1250260968960,30087,41554856.54801077,5.834,ok,
mamba3,asa_3d,onehot,593986,2265393858048,30087,75294773.75770266,19.767,ok,
mamba3,asa_3d,embeddings,593990,2265393858048,30087,75294773.75770266,19.768,ok,
mamba3,asa_4d,onehot,642882,2398749414912,30087,79727105.22524679,19.607,ok,
mamba3,asa_4d,embeddings,642882,2398749414912,30087,79727105.22524679,19.608,ok,
mamba3,aca_2d,onehot,888386,1810502880768,30087,60175586.82381095,11.422,ok,
mamba3,aca_2d,embeddings,685294,1114525582848,30087,37043426.82381095,5.835,ok,
mamba3,aca_3d,onehot,593730,1068067431936,30087,35499299.761890516,5.441,ok,
mamba3,aca_3d,embeddings,593734,1068067431936,30087,35499299.761890516,5.442,ok,
mamba3,aca_4d,onehot,642370,1112013264384,30087,36959925.03021239,5.281,ok,
mamba3,aca_4d,embeddings,642370,1112013264384,30087,36959925.03021239,5.281,ok,
mamba3,fa_2d,onehot,1396674,3006133267968,30087,99914689.66556984,15.347,ok,
mamba3,fa_2d,embeddings,1193582,2310155970048,30087,76782529.66556984,9.758,ok,
mamba3,fa_3d,onehot,1184322,2815476604416,30087,93577844.3984445,9.365,ok,
mamba3,fa_3d,embeddings,1184326,2815476604416,30087,93577844.3984445,9.366,ok,
mamba3,fa_4d,onehot,1315266,2859436666368,30087,95038942.61202513,9.206,ok,
mamba3,fa_4d,embeddings,1315266,2859436666368,30087,95038942.61202513,9.206,ok,
gru,fa_local_2d,embeddings,629678,118652925888,30087,3943660.912952438,12.795,ok,
gru,fa_local_3d,embeddings,554758,561875002272,30087,18675009.215674546,12.403,ok,
gru,fa_local_4d,embeddings,620034,561473881056,30087,18661677.17140293,12.243,ok,
gru,fa_sm_2d,embeddings,1104942,1272164560128,30087,42282865.029015854,12.797,ok,
gru,fa_sm_3d,embeddings,1095686,1792029820032,30087,59561598.69817529,12.405,ok,
gru,fa_sm_4d,embeddings,1226626,1836011541888,30087,61023416.820819624,12.245,ok,
lstm,fa_local_2d,embeddings,761774,118652925888,30087,3943660.912952438,15.939,ok,
lstm,fa_local_3d,embeddings,686854,561875002272,30087,18675009.215674546,15.547,ok,
lstm,fa_local_4d,embeddings,752130,561473881056,30087,18661677.17140293,15.386,ok,
lstm,fa_sm_2d,embeddings,1237038,1272164560128,30087,42282865.029015854,15.941,ok,
lstm,fa_sm_3d,embeddings,1227782,1792029820032,30087,59561598.69817529,15.549,ok,
lstm,fa_sm_4d,embeddings,1358722,1836011541888,30087,61023416.820819624,15.389,ok,
transformer,fa_local_2d,embeddings,1034606,119138169024,30087,3959788.912952438,5.738,ok,
transformer,fa_local_3d,embeddings,959686,562360245408,30087,18691137.215674546,5.346,ok,
transformer,fa_local_4d,embeddings,1024962,561959124192,30087,18677805.17140293,5.185,ok,
transformer,fa_sm_2d,embeddings,1509870,1272649803264,30087,42298993.029015854,9.760,ok,
transformer,fa_sm_3d,embeddings,1500614,1792515063168,30087,59577726.69817529,9.368,ok,
transformer,fa_sm_4d,embeddings,1631554,1836496785024,30087,61039544.820819624,9.208,ok,
s4nd,grid_2d,onehot,573314,563625754112,30087,18733198.86037159,16.197,ok,
s4nd,grid_2d,embeddings,530862,215637105152,30087,7167118.860371589,10.611,ok,
s4nd,grid_3d,onehot,565762,196085086720,30087,6517269.475853358,11.318,ok,
s4nd,grid_3d,embeddings,565766,196085086720,30087,6517269.475853358,11.320,ok,
s4nd,grid_4d,onehot,729858,196084335104,30087,6517244.494432812,11.850,ok,
s4nd,grid_4d,embeddings,729858,196084335104,30087,6517244.494432812,11.846,ok,
gru,asa_2d_id,onehot,801538,908095237632,30087,30182312.54801077,18.390,ok,
gru,asa_2d_id,embeddings,598446,212117939712,30087,7050152.548010768,12.802,ok,
gru,asa_3d_id,onehot,679042,1227250828800,30087,40790069.75770266,19.774,ok,
gru,asa_3d_id,embeddings,679046,1227250828800,30087,40790069.75770266,19.771,ok,
gru,asa_4d_id,onehot,728194,1360606385664,30087,45222401.22524679,19.610,ok,
gru,asa_4d_id,embeddings,728194,1360606385664,30087,45222401.22524679,19.610,ok,
gru,aca_2d_id,onehot,801538,772359851520,30087,25670882.82381095,18.386,ok,
gru,aca_2d_id,embeddings,598446,76382553600,30087,2538722.823810948,12.798,ok,
gru,aca_3d_id,onehot,678786,29924402688,30087,994595.7618905175,12.405,ok,
gru,aca_3d_id,embeddings,678790,29924402688,30087,994595.7618905175,12.406,ok,
gru,aca_4d_id,onehot,727682,73870235136,30087,2455221.030212384,12.245,ok,
gru,aca_4d_id,embeddings,727682,73870235136,30087,2455221.030212384,12.246,ok,
gru,fa_2d_id,onehot,1309826,1967990238720,30087,65409985.66556985,18.389,ok,
gru,fa_2d_id,embeddings,1106734,1272012940800,30087,42277825.66556985,12.800,ok,
gru,fa_3d_id,onehot,1269378,1777333575168,30087,59073140.39844451,12.408,ok,
gru,fa_3d_id,embeddings,1269382,1777333575168,30087,59073140.39844451,12.408,ok,
gru,fa_4d_id,onehot,1400578,1821293637120,30087,60534238.61202513,12.248,ok,
gru,fa_4d_id,embeddings,1400578,1821293637120,30087,60534238.61202513,12.248,ok,
lstm,asa_2d_id,onehot,933634,908095237632,30087,30182312.54801077,21.530,ok,
lstm,asa_2d_id,embeddings,730542,212117939712,30087,7050152.548010768,15.941,ok,
lstm,asa_3d_id,onehot,811138,1227250828800,30087,40790069.75770266,19.771,ok,
lstm,asa_3d_id,embeddings,811142,1227250828800,30087,40790069.75770266,19.771,ok,
lstm,asa_4d_id,onehot,860290,1360606385664,30087,45222401.22524679,19.610,ok,
lstm,asa_4d_id,embeddings,860290,1360606385664,30087,45222401.22524679,19.611,ok,
lstm,aca_2d_id,onehot,933634,772359851520,30087,25670882.82381095,21.530,ok,
lstm,aca_2d_id,embeddings,730542,76382553600,30087,2538722.823810948,15.941,ok,
lstm,aca_3d_id,onehot,810882,29924402688,30087,994595.7618905175,15.549,ok,
lstm,aca_3d_id,embeddings,810886,29924402688,30087,994595.7618905175,15.550,ok,
lstm,aca_4d_id,onehot,859778,73870235136,30087,2455221.030212384,15.389,ok,
lstm,aca_4d_id,embeddings,859778,73870235136,30087,2455221.030212384,15.389,ok,
lstm,fa_2d_id,onehot,1441922,1967990238720,30087,65409985.66556985,21.532,ok,
lstm,fa_2d_id,embeddings,1238830,1272012940800,30087,42277825.66556985,15.943,ok,
lstm,fa_3d_id,onehot,1401474,1777333575168,30087,59073140.39844451,15.551,ok,
lstm,fa_3d_id,embeddings,1401478,1777333575168,30087,59073140.39844451,15.552,ok,
lstm,fa_4d_id,onehot,1532674,1821293637120,30087,60534238.61202513,15.391,ok,
lstm,fa_4d_id,embeddings,1532674,1821293637120,30087,60534238.61202513,15.392,ok,
transformer,asa_2d_id,onehot,1206466,908580480768,30087,30198440.54801077,11.359,ok,
transformer,asa_2d_id,embeddings,1003374,212603182848,30087,7066280.548010768,5.770,ok,
transformer,asa_3d_id,onehot,1083970,1227736071936,30087,40806197.75770266,19.772,ok,
transformer,asa_3d_id,embeddings,1083974,1227736071936,30087,40806197.75770266,19.773,ok,
transformer,asa_4d_id,onehot,1133122,1361091628800,30087,45238529.22524679,19.612,ok,
transformer,asa_4d_id,embeddings,1133122,1361091628800,30087,45238529.22524679,19.613,ok,
transformer,aca_2d_id,onehot,1206466,772845094656,30087,25687010.82381095,11.329,ok,
transformer,aca_2d_id,embeddings,1003374,76867796736,30087,2554850.823810948,5.740,ok,
transformer,aca_3d_id,onehot,1083714,30409645824,30087,1010723.7618905175,5.348,ok,
transformer,aca_3d_id,embeddings,1083718,30409645824,30087,1010723.7618905175,5.348,ok,
transformer,aca_4d_id,onehot,1132610,74355478272,30087,2471349.030212384,5.187,ok,
transformer,aca_4d_id,embeddings,1132610,74355478272,30087,2471349.030212384,5.188,ok,
transformer,fa_2d_id,onehot,1714754,1968475481856,30087,65426113.66556985,15.351,ok,
transformer,fa_2d_id,embeddings,1511662,1272498183936,30087,42293953.66556985,9.762,ok,
transformer,fa_3d_id,onehot,1674306,1777818818304,30087,59089268.39844451,9.370,ok,
transformer,fa_3d_id,embeddings,1674310,1777818818304,30087,59089268.39844451,9.371,ok,
transformer,fa_4d_id,onehot,1805506,1821778880256,30087,60550366.61202513,9.210,ok,
transformer,fa_4d_id,embeddings,1805506,1821778880256,30087,60550366.61202513,9.211,ok,
mamba2,asa_2d_id,onehot,877922,1925164850688,30087,63986600.54801077,13.630,ok,
mamba2,asa_2d_id,embeddings,674830,1229187552768,30087,40854440.54801077,8.041,ok,
mamba2,asa_3d_id,onehot,755426,2244320441856,30087,74594357.75770266,19.770,ok,
mamba2,asa_3d_id,embeddings,755430,2244320441856,30087,74594357.75770266,19.771,ok,
mamba2,asa_4d_id,onehot,804578,2377675998720,30087,79026689.22524679,19.610,ok,
mamba2,asa_4d_id,embeddings,804578,2377675998720,30087,79026689.22524679,19.611,ok,
mamba2,aca_2d_id,onehot,877922,1789429464576,30087,59475170.82381095,13.630,ok,
mamba2,aca_2d_id,embeddings,674830,1093452166656,30087,36343010.82381095,8.041,ok,
mamba2,aca_3d_id,onehot,755170,1046994015744,30087,34798883.761890516,7.649,ok,
mamba2,aca_3d_id,embeddings,755174,1046994015744,30087,34798883.761890516,7.650,ok,
mamba2,aca_4d_id,onehot,804066,1090939848192,30087,36259509.03021239,7.489,ok,
mamba2,aca_4d_id,embeddings,804066,1090939848192,30087,36259509.03021239,7.489,ok,
mamba2,fa_2d_id,onehot,1386210,2985059851776,30087,99214273.66556984,15.349,ok,
mamba2,fa_2d_id,embeddings,1183118,2289082553856,30087,76082113.66556984,9.760,ok,
mamba2,fa_3d_id,onehot,1345762,2794403188224,30087,92877428.3984445,9.369,ok,
mamba2,fa_3d_id,embeddings,1345766,2794403188224,30087,92877428.3984445,9.369,ok,
mamba2,fa_4d_id,onehot,1476962,2838363250176,30087,94338526.61202513,9.209,ok,
mamba2,fa_4d_id,embeddings,1476962,2838363250176,30087,94338526.61202513,9.209,ok,
mamba3,asa_2d_id,onehot,890178,1946238266880,30087,64687016.54801077,11.424,ok,
mamba3,asa_2d_id,embeddings,687086,1250260968960,30087,41554856.54801077,5.837,ok,
mamba3,asa_3d_id,onehot,767682,2265393858048,30087,75294773.75770266,19.770,ok,
mamba3,asa_3d_id,embeddings,767686,2265393858048,30087,75294773.75770266,19.771,ok,
mamba3,asa_4d_id,onehot,816834,2398749414912,30087,79727105.22524679,19.610,ok,
mamba3,asa_4d_id,embeddings,816834,2398749414912,30087,79727105.22524679,19.611,ok,
mamba3,aca_2d_id,onehot,890178,1810502880768,30087,60175586.82381095,11.425,ok,
mamba3,aca_2d_id,embeddings,687086,1114525582848,30087,37043426.82381095,5.837,ok,
mamba3,aca_3d_id,onehot,767426,1068067431936,30087,35499299.761890516,5.445,ok,
mamba3,aca_3d_id,embeddings,767430,1068067431936,30087,35499299.761890516,5.445,ok,
mamba3,aca_4d_id,onehot,816322,1112013264384,30087,36959925.03021239,5.284,ok,
mamba3,aca_4d_id,embeddings,816322,1112013264384,30087,36959925.03021239,5.285,ok,
mamba3,fa_2d_id,onehot,1398466,3006133267968,30087,99914689.66556984,15.349,ok,
mamba3,fa_2d_id,embeddings,1195374,2310155970048,30087,76782529.66556984,9.760,ok,
mamba3,fa_3d_id,onehot,1358018,2815476604416,30087,93577844.3984445,9.369,ok,
mamba3,fa_3d_id,embeddings,1358022,2815476604416,30087,93577844.3984445,9.369,ok,
mamba3,fa_4d_id,onehot,1489218,2859436666368,30087,95038942.61202513,9.209,ok,
mamba3,fa_4d_id,embeddings,1489218,2859436666368,30087,95038942.61202513,9.209,ok,
